{
    "accuracy": 0.7489996319120389,
    "precision": 0.990915790822866,
    "recall": 0.7504034166049914,
    "f1": 0.854049724863122,
    "auc": 0.792598842652159,
    "gini": 0.5851976853043179
}