{
    "accuracy": 0.7514960816908098,
    "precision": 0.990930574184071,
    "recall": 0.7529634437825311,
    "f1": 0.855710828754421,
    "auc": 0.7996474249443665,
    "gini": 0.5992948498887329
}